Workbook

Sheet Ocak
A1: PROTOKOL LİSTESİ
A2: Karayolları 9. Bölge Müdürlüğü 2025 YILI OCAK AYI AR-GE Dairesi Bşk. Hizmetleri Protokollu İşler Listesi
A5: Sıra No: | B5: Büro Kayıt No: | C5: Protokol No: | D5: Bölge No | E5: NUMUNEYİ GÖNDEREN | I5: PROTOKOL BEDELİNİ YATIRAN FİRMA | M5: YAPILACAK İŞ | P5: Protokol İmzalanma Tarihi | Q5: Deney 1.Keşif Özeti (TL) | R5: KDV ( H * %20 ) (TL) | S5: KDV' li 1.Keşif Özeti (TL) | T5: KDV' li 2.Keşif Tutarı ( TL ) | U5: TÜRKAK Payı ( G* %06 ) | V5: Damga Vergisi | W5: Toplam Miktar ( TL ) | X5: DEKONT Tarihi | Y5: DEKONT NO: | Z5: AÇIKLAMA
Q7: H | R7: I | S7: J | T7: İ | U7: K | W7: H+K+(I)+(İ)
A8: 1 | B8: 1 | R8: =PRODUCT(Q8*0.2) -> 0 | S8: =SUM(Q8+R8) -> 0 | V8: =PRODUCT(Q8*0.00948) -> 0 | W8: =SUM(V8+Q8+R8) -> 0
A9: 2 | B9: 2 | R9: =PRODUCT(Q9*0.2) -> 0 | S9: =SUM(Q9+R9) -> 0 | V9: =PRODUCT(Q9*0.00948) -> 0 | W9: =SUM(V9+Q9+R9) -> 0
A10: 3 | B10: 3 | R10: =PRODUCT(Q10*0.2) -> 0 | S10: =SUM(Q10+R10) -> 0 | V10: =PRODUCT(Q10*0.00948) -> 0 | W10: =SUM(V10+Q10+R10) -> 0
A11: 4 | B11: 4 | R11: =PRODUCT(Q11*0.2) -> 0 | S11: =SUM(Q11+R11) -> 0 | V11: =PRODUCT(Q11*0.00948) -> 0 | W11: =SUM(V11+Q11+R11) -> 0
A12: 5 | B12: 5 | R12: =PRODUCT(Q12*0.2) -> 0 | S12: =SUM(Q12+R12) -> 0 | V12: =PRODUCT(Q12*0.00948) -> 0 | W12: =SUM(V12+Q12+R12) -> 0
A13: 6 | B13: 6 | R13: =PRODUCT(Q13*0.2) -> 0 | S13: =SUM(Q13+R13) -> 0 | V13: =PRODUCT(Q13*0.00948) -> 0 | W13: =SUM(V13+Q13+R13) -> 0
A14: 7 | B14: 7 | R14: =PRODUCT(Q14*0.2) -> 0 | S14: =SUM(Q14+R14) -> 0 | V14: =PRODUCT(Q14*0.00948) -> 0 | W14: =SUM(V14+Q14+R14) -> 0
A15: 8 | B15: 8 | R15: =PRODUCT(Q15*0.2) -> 0 | S15: =SUM(Q15+R15) -> 0 | V15: =PRODUCT(Q15*0.00948) -> 0 | W15: =SUM(V15+Q15+R15) -> 0
A16: 9 | B16: 9 | R16: =PRODUCT(Q16*0.2) -> 0 | S16: =SUM(Q16+R16) -> 0 | V16: =PRODUCT(Q16*0.00948) -> 0 | W16: =SUM(V16+Q16+R16) -> 0
A17: 10 | B17: 10 | R17: =PRODUCT(Q17*0.2) -> 0 | S17: =SUM(Q17+R17) -> 0 | V17: =PRODUCT(Q17*0.00948) -> 0 | W17: =SUM(V17+Q17+R17) -> 0
A18: 11 | B18: 11 | R18: =PRODUCT(Q18*0.2) -> 0 | S18: =SUM(Q18+R18) -> 0 | V18: =PRODUCT(Q18*0.00948) -> 0 | W18: =SUM(V18+Q18+R18) -> 0
A19: 12 | R19: =PRODUCT(Q19*0.2) -> 0 | S19: =SUM(Q19+R19) -> 0 | V19: =PRODUCT(Q19*0.00948) -> 0 | W19: =SUM(V19+Q19+R19) -> 0
A20: 13 | R20: =PRODUCT(Q20*0.2) -> 0 | S20: =SUM(Q20+R20) -> 0 | V20: =PRODUCT(Q20*0.00948) -> 0 | W20: =SUM(V20+Q20+R20) -> 0
A21: 14 | R21: =PRODUCT(Q21*0.2) -> 0 | S21: =SUM(Q21+R21) -> 0 | V21: =PRODUCT(Q21*0.00948) -> 0 | W21: =SUM(V21+Q21+R21) -> 0
A22: 15 | R22: =PRODUCT(Q22*0.2) -> 0 | S22: =SUM(Q22+R22) -> 0 | V22: =PRODUCT(Q22*0.00948) -> 0 | W22: =SUM(V22+Q22+R22) -> 0
A23: 16 | R23: =PRODUCT(Q23*0.2) -> 0 | S23: =SUM(Q23+R23) -> 0 | V23: =PRODUCT(Q23*0.00948) -> 0 | W23: =SUM(V23+Q23+R23) -> 0
A24: 17 | R24: =PRODUCT(Q24*0.2) -> 0 | S24: =SUM(Q24+R24) -> 0 | V24: =PRODUCT(Q24*0.00948) -> 0 | W24: =SUM(V24+Q24+R24) -> 0
A25: 18 | R25: =PRODUCT(Q25*0.2) -> 0 | S25: =SUM(Q25+R25) -> 0 | V25: =PRODUCT(Q25*0.00948) -> 0 | W25: =SUM(V25+Q25+R25) -> 0
A26: 19 | R26: =PRODUCT(Q26*0.2) -> 0 | S26: =SUM(Q26+R26) -> 0 | V26: =PRODUCT(Q26*0.00948) -> 0 | W26: =SUM(V26+Q26+R26) -> 0
A27: 20 | R27: =PRODUCT(Q27*0.2) -> 0 | S27: =SUM(Q27+R27) -> 0 | V27: =PRODUCT(Q27*0.00948) -> 0 | W27: =SUM(V27+Q27+R27) -> 0
A28: 21 | R28: =PRODUCT(Q28*0.2) -> 0 | S28: =SUM(Q28+R28) -> 0 | V28: =PRODUCT(Q28*0.00948) -> 0 | W28: =SUM(V28+Q28+R28) -> 0
A29: 22 | R29: =PRODUCT(Q29*0.2) -> 0 | S29: =SUM(Q29+R29) -> 0 | V29: =PRODUCT(Q29*0.00948) -> 0 | W29: =SUM(V29+Q29+R29) -> 0
A30: 23 | R30: =PRODUCT(Q30*0.2) -> 0 | S30: =SUM(Q30+R30) -> 0 | V30: =PRODUCT(Q30*0.00948) -> 0 | W30: =SUM(V30+Q30+R30) -> 0
... A32: 25 | R32: =PRODUCT(Q32*0.2) -> 0 | S32: =SUM(Q32+R32) -> 0 | V32: =PRODUCT(Q32*0.00948) -> 0 | W32: =SUM(V32+Q32+R32) -> 0
A33: 26 | R33: =PRODUCT(Q33*0.2) -> 0 | S33: =SUM(Q33+R33) -> 0 | V33: =Q33*0.00948 -> 0 | W33: =SUM(S33:V33) -> 0
A34: TOPLAM | Q34: =SUM(Q8:Q33) -> 0 | R34: =SUM(R8:R33) -> 0 | S34: =SUM(S8:S33) -> 0 | V34: =SUM(V8:V33) -> 0 | W34: =SUM(W8:W33) -> 0
A35: NOT 1: H, I, İ, G, J Keşif Özetinde Verilen Miktarlar Olup Keşif Özetinden Alınacaktır. | T35: Hazırlayan | W35: SİBEL GÜMÜŞ
A36: NOT 2: Toplam Miktar hesaplanırken ( I ) veya ( İ )'den Biri Alınacak. | T36: Adı-Soyadı | W36: İbrahim AKINCI
T37: Ünvanı | W37: Başmühendis
T38: İmza

Sheet Şubat
A1: PROTOKOL LİSTESİ
A2: Karayolları 9. Bölge Müdürlüğü 2025 YILI ŞUBAT AYI AR-GE Dairesi Bşk. Hizmetleri Protokollu İşler Listesi
A5: Sıra No: | B5: Büro Kayıt No: | C5: Protokol No: | D5: Bölge No | E5: NUMUNEYİ GÖNDEREN | I5: PROTOKOL BEDELİNİ YATIRAN FİRMA | M5: YAPILACAK İŞ | P5: Protokol İmzalanma Tarihi | Q5: Deney 1.Keşif Özeti (TL) | R5: KDV ( H * %20 ) (TL) | S5: KDV' li 1.Keşif Özeti (TL) | T5: KDV' li 2.Keşif Tutarı ( TL ) | U5: TÜRKAK Payı ( G* %06 ) | V5: Damga Vergisi | W5: Toplam Miktar ( TL ) | X5: DEKONT Tarihi | Y5: DEKONT NO: | Z5: AÇIKLAMA
Q7: H | R7: I | S7: J | T7: İ | U7: K | W7: H+K+(I)+(İ)
A8: 1 | R8: =Q8*0.2 -> 0 | S8: =Q8+R8 -> 0 | V8: =Q8*0.00948 -> 0 | W8: =V8+Q8+R8 -> 0
A9: 2 | R9: =Q9*0.2 -> 0 | S9: =Q9+R9 -> 0 | V9: =Q9*0.00948 -> 0 | W9: =SUM(S9:V9) -> 0
A10: 3 | R10: =Q10*0.2 -> 0 | S10: =Q10+R10 -> 0 | V10: =Q10*0.00948 -> 0 | W10: =SUM(S10:V10) -> 0
A11: 4 | R11: =Q11*0.2 -> 0 | S11: =Q11+R11 -> 0 | V11: =Q11*0.00948 -> 0 | W11: =SUM(S11:V11) -> 0
A12: 5 | R12: =Q12*0.2 -> 0 | S12: =Q12+R12 -> 0 | V12: =Q12*0.00948 -> 0 | W12: =SUM(S12:V12) -> 0
A13: 6 | R13: =Q13*0.2 -> 0 | S13: =Q13+R13 -> 0 | V13: =Q13*0.00948 -> 0 | W13: =SUM(S13:V13) -> 0
A14: 7 | R14: =Q14*0.2 -> 0 | S14: =Q14+R14 -> 0 | V14: =Q14*0.00948 -> 0 | W14: =SUM(S14:V14) -> 0
A15: 8 | R15: =Q15*0.2 -> 0 | S15: =Q15+R15 -> 0 | V15: =Q15*0.00948 -> 0 | W15: =SUM(S15:V15) -> 0
A16: 9 | R16: =Q16*0.2 -> 0 | S16: =Q16+R16 -> 0 | V16: =Q16*0.00948 -> 0 | W16: =SUM(S16:V16) -> 0
A17: 10 | R17: =Q17*0.2 -> 0 | S17: =Q17+R17 -> 0 | V17: =Q17*0.00948 -> 0 | W17: =SUM(S17:V17) -> 0
A18: 11 | R18: =Q18*0.2 -> 0 | S18: =Q18+R18 -> 0 | V18: =Q18*0.00948 -> 0 | W18: =SUM(S18:V18) -> 0
A19: 12 | R19: =Q19*0.2 -> 0 | S19: =Q19+R19 -> 0 | V19: =Q19*0.00948 -> 0 | W19: =SUM(S19:V19) -> 0
A20: 13 | R20: =Q20*0.2 -> 0 | S20: =Q20+R20 -> 0 | V20: =Q20*0.00948 -> 0 | W20: =SUM(S20:V20) -> 0
... A23: 16 | R23: =Q23*0.2 -> 0 | S23: =Q23+R23 -> 0 | V23: =Q23*0.00948 -> 0 | W23: =SUM(S23:V23) -> 0
A24: 17
A25: 18
A26: 19
A27: 20
A28: 21
A29: 22
A30: 23
A31: 24
A32: 25
A33: 11 | R33: =Q33*0.2 -> 0 | S33: =Q33+R33 -> 0 | V33: =Q33*0.00948 -> 0 | W33: =SUM(S33:V33) -> 0
A34: 12 | R34: =Q34*0.2 -> 0 | S34: =Q34+R34 -> 0 | V34: =Q34*0.00948 -> 0 | W34: =SUM(S34:V34) -> 0
A35: TOPLAM | Q35: =Q8+Q9+Q10+Q11+Q12+Q13+Q14+Q15+Q16+Q32+Q33+Q34 -> 0 | R35: =SUM(R8:R34) -> 0 | S35: =S8+S9+S10+S11+S12+S13+S14+S15+S16+S32+S33+S34 -> 0 | T35: - | V35: =V8+V9+V10+V11+V12+V13+V14+V15+V16+V32+V33+V34 -> 0 | W35: =W8+W9+W10+W11+W12+W13+W14+W15+W16+W32+W33+W34 -> 0 | X35: - | Y35: -
A36: 10 | D36: 9 | R36: =Q36*0.18 -> 0 | S36: =Q36+R36 -> 0 | V36: =Q36*0.00948 -> 0 | W36: =S36+V36 -> 0
A37: 11 | D37: 9 | R37: =Q37*0.18 -> 0 | S37: =Q37+R37 -> 0 | V37: =Q37*0.00948 -> 0 | W37: =S37+V37 -> 0
A38: 12 | D38: 9 | R38: =Q38*0.18 -> 0 | S38: =Q38+R38 -> 0 | V38: =Q38*0.00948 -> 0 | W38: =S38+V38 -> 0
A39: 13 | D39: 9 | R39: =Q39*0.18 -> 0 | S39: =Q39+R39 -> 0 | V39: =Q39*0.00948 -> 0 | W39: =S39+V39 -> 0
A40: TOPLAM | Q40: =Q8+Q9+Q10+Q11+Q12+Q13+Q14+Q15+Q16+Q17+Q18+Q32+Q33+Q34+Q35+Q36+Q37+Q38+Q39 -> 0 | R40: =R8+R9+R10+R11+R12+R13+R14+R15+R16+R17+R18+R32+R33+R34+R35+R36+R37+R38+R39 -> 0 | S40: =S8+S9+S10+S11+S12+S13+S14+S15+S16+S17+S18+S32+S33+S34+S35+S36+S37+S38+S39 -> 0 | V40: =SUM(V8:V39) -> 0 | W40: =SUM(W8:W39) -> 0
A41: NOT 1: H, I, İ, G, J Keşif Özetinde Verilen Miktarlar Olup Keşif Özetinden Alınacaktır. | T41: Hazırlayan | W41: SİBEL GÜMÜŞ
A42: NOT 2: Toplam Miktar hesaplanırken ( I ) veya ( İ )'den Biri Alınacak. | T42: Adı-Soyadı | W42: İbrahim AKINCI
T43: Ünvanı | W43: Başmühendis
T44: İmza

Sheet Mart
A1: PROTOKOL LİSTESİ
A2: Karayolları 9. Bölge Müdürlüğü 2025 YILI MART AYI AR-GE Dairesi Bşk. Hizmetleri Protokollu İşler Listesi
A5: Sıra No: | B5: Büro Kayıt No: | C5: Protokol No: | D5: Bölge No | E5: NUMUNEYİ GÖNDEREN | I5: PROTOKOL BEDELİNİ YATIRAN FİRMA | M5: YAPILACAK İŞ | P5: Protokol İmzalanma Tarihi | Q5: Deney 1.Keşif Özeti (TL) | R5: KDV ( H * %20 ) (TL) | S5: KDV' li 1.Keşif Özeti (TL) | T5: KDV' li 2.Keşif Tutarı ( TL ) | U5: TÜRKAK Payı ( G* %06 ) | V5: Damga Vergisi | W5: Toplam Miktar ( TL ) | X5: DEKONT Tarihi | Y5: DEKONT NO: | Z5: AÇIKLAMA
Q7: H | R7: I | S7: J | T7: İ | U7: K | W7: H+K+(I)+(İ)
A8: 1 | R8: =Q8*0.2 -> 0 | S8: =Q8+R8 -> 0 | V8: =Q8*0.00948 -> 0 | W8: =SUM(S8:V8) -> 0
A9: 2 | R9: =Q9*0.2 -> 0 | S9: =Q9+R9 -> 0 | V9: =Q9*0.00948 -> 0 | W9: =SUM(S9:V9) -> 0
A10: 3 | R10: =Q10*0.2 -> 0 | S10: =Q10+R10 -> 0 | V10: =Q10*0.00948 -> 0 | W10: =SUM(S10:V10) -> 0
A11: 4 | R11: =Q11*0.2 -> 0 | S11: =Q11+R11 -> 0 | V11: =Q11*0.00948 -> 0 | W11: =SUM(S11:V11) -> 0
A12: 5 | R12: =Q12*0.2 -> 0 | S12: =Q12+R12 -> 0 | V12: =Q12*0.00948 -> 0 | W12: =SUM(S12:V12) -> 0
A13: 6 | R13: =Q13*0.2 -> 0 | S13: =Q13+R13 -> 0 | V13: =Q13*0.00948 -> 0 | W13: =SUM(S13:V13) -> 0
A14: 7 | R14: =Q14*0.2 -> 0 | S14: =Q14+R14 -> 0 | V14: =Q14*0.00948 -> 0 | W14: =SUM(S14:V14) -> 0
A15: 8
A16: 9
A17: 10
A18: 11
A19: 12
A20: 13
A21: 14
A22: 15
A23: 16
A24: 17
A25: 18
A26: 19
... A32: 25
A33: TOPLAM | Q33: =SUM(Q8:Q32) -> 0 | R33: =SUM(R8:R32) -> 0 | S33: =SUM(S8:S32) -> 0 | T33: - | V33: =SUM(V8:V32) -> 0 | W33: =SUM(W8:W32) -> 0
A34: NOT 1: H, I, İ, G, J Keşif Özetinde Verilen Miktarlar Olup Keşif Özetinden Alınacaktır. | T34: Hazırlayan | W34: Sibel GÜMÜŞ
A35: NOT 2: Toplam Miktar hesaplanırken ( I ) veya ( İ )'den Biri Alınacak. | T35: Adı-Soyadı | W35: İbrahim AKINCI
T36: Ünvanı | W36: Başmühendis
T37: İmza

Sheet Nisan
A1: PROTOKOL LİSTESİ
A2: Karayolları 9. Bölge Müdürlüğü 2025 YILI NİSAN AYI AR-GE Dairesi Bşk. Hizmetleri Protokollu İşler Listesi
A5: Sıra No: | B5: Büro Kayıt No: | C5: Protokol No: | D5: Bölge No | E5: NUMUNEYİ GÖNDEREN | I5: PROTOKOL BEDELİNİ YATIRAN FİRMA | M5: YAPILACAK İŞ | P5: Protokol İmzalanma Tarihi | Q5: Deney 1.Keşif Özeti (TL) | R5: KDV ( H * %20 ) (TL) | S5: KDV' li 1.Keşif Özeti (TL) | T5: KDV' li 2.Keşif Tutarı ( TL ) | U5: TÜRKAK Payı ( G* %06 ) | V5: Damga Vergisi | W5: Toplam Miktar ( TL ) | X5: DEKONT Tarihi | Y5: DEKONT NO: | Z5: AÇIKLAMA
Q7: H | R7: I | S7: J | T7: İ | U7: K | W7: H+K+(I)+(İ)
A8: 1 | R8: =Q8*0.2 -> 0 | S8: =Q8+R8 -> 0 | V8: =Q8*0.00948 -> 0 | W8: =SUM(S8:V8) -> 0
A9: 2 | R9: =Q9*0.2 -> 0 | S9: =Q9+R9 -> 0 | V9: =Q9*0.00948 -> 0 | W9: =SUM(S9:V9) -> 0
A10: 3 | R10: =Q10*0.2 -> 0 | S10: =Q10+R10 -> 0 | V10: =Q10*0.00948 -> 0 | W10: =SUM(S10:V10) -> 0
A11: 4 | R11: =Q11*0.2 -> 0 | S11: =Q11+R11 -> 0 | V11: =Q11*0.00948 -> 0 | W11: =SUM(S11:V11) -> 0
R12: =Q12*0.2 -> 0 | S12: =Q12+R12 -> 0 | V12: =Q12*0.00948 -> 0 | W12: =SUM(S12:V12) -> 0
R13: =Q13*0.2 -> 0 | S13: =Q13+R13 -> 0 | V13: =Q13*0.00948 -> 0 | W13: =SUM(S13:V13) -> 0
A14: TOPLAM | Q14: =SUM(Q8:Q13) -> 0 | R14: =SUM(R8:R13) -> 0 | S14: =SUM(S8:S13) -> 0 | T14: - | V14: =SUM(V8:V13) -> 0 | W14: =SUM(W8:W13) -> 0
A15: NOT 1: H, I, İ, G, J Keşif Özetinde Verilen Miktarlar Olup Keşif Özetinden Alınacaktır. | T15: Hazırlayan | W15: Sibel GÜMÜŞ
A16: NOT 2: Toplam Miktar hesaplanırken ( I ) veya ( İ )'den Biri Alınacak. | T16: Adı-Soyadı | W16: İbrahim AKINCI
T17: Ünvanı | W17: Başmühendis
T18: İmza

Sheet Mayıs
A1: PROTOKOL LİSTESİ
A2: Karayolları 9. Bölge Müdürlüğü 2025 YILI MAYIS AYI AR-GE Dairesi Bşk. Hizmetleri Protokollu İşler Listesi
A5: Sıra No: | B5: Büro Kayıt No: | C5: Protokol No: | D5: Bölge No | E5: NUMUNEYİ GÖNDEREN | I5: PROTOKOL BEDELİNİ YATIRAN FİRMA | M5: YAPILACAK İŞ | P5: Protokol İmzalanma Tarihi | Q5: Deney 1.Keşif Özeti (TL) | R5: KDV ( H * %20 ) (TL) | S5: KDV' li 1.Keşif Özeti (TL) | T5: KDV' li 2.Keşif Tutarı ( TL ) | U5: TÜRKAK Payı ( G* %06 ) | V5: Damga Vergisi | W5: Toplam Miktar ( TL ) | X5: DEKONT Tarihi | Y5: DEKONT NO: | Z5: AÇIKLAMA
Q7: H | R7: I | S7: J | T7: İ | U7: K | W7: H+K+(I)+(İ)
A8: 1 | R8: =Q8*0.2 -> 0 | S8: =Q8+R8 -> 0 | V8: =Q8*0.00948 -> 0 | W8: =SUM(S8:V8) -> 0
A9: 2 | R9: =Q9*0.2 -> 0 | S9: =Q9+R9 -> 0 | V9: =Q9*0.00948 -> 0 | W9: =SUM(S9:V9) -> 0
A10: 3 | R10: =Q10*0.2 -> 0 | S10: =Q10+R10 -> 0 | V10: =Q10*0.00948 -> 0 | W10: =SUM(S10:V10) -> 0
A11: 4 | R11: =Q11*0.2 -> 0 | S11: =Q11+R11 -> 0 | V11: =Q11*0.00948 -> 0 | W11: =SUM(S11:V11) -> 0
A12: 5 | R12: =Q12*0.2 -> 0 | S12: =Q12+R12 -> 0 | V12: =Q12*0.00948 -> 0 | W12: =SUM(S12:V12) -> 0
A13: 6 | R13: =Q13*0.2 -> 0 | S13: =Q13+R13 -> 0 | V13: =Q13*0.00948 -> 0 | W13: =SUM(S13:V13) -> 0
A14: 7 | R14: =Q14*0.2 -> 0 | S14: =Q14+R14 -> 0 | V14: =Q14*0.00948 -> 0 | W14: =SUM(S14:V14) -> 0
A15: 8 | R15: =Q15*0.2 -> 0 | S15: =Q15+R15 -> 0 | V15: =Q15*0.00948 -> 0 | W15: =SUM(S15:V15) -> 0
A16: 9
A17: 10
A18: 11
A19: 12
A20: 13
A21: 14
A22: 15
A23: 16
A24: 17
A25: 18
A26: 19
A27: 20
... A32: 25
A33: TOPLAM | Q33: =SUM(Q8:Q32) -> 0 | R33: =SUM(R8:R32) -> 0 | S33: =SUM(S8:S32) -> 0 | T33: - | V33: =SUM(V8:V32) -> 0 | W33: =SUM(W8:W32) -> 0
A34: NOT 1: H, I, İ, G, J Keşif Özetinde Verilen Miktarlar Olup Keşif Özetinden Alınacaktır. | T34: Hazırlayan | W34: Sibel GÜMÜŞ
A35: NOT 2: Toplam Miktar hesaplanırken ( I ) veya ( İ )'den Biri Alınacak. | T35: Adı-Soyadı | W35: Atakan ERSOY
T36: Ünvanı | W36: Başmühendis
T37: İmza

Sheet Haziran
A1: PROTOKOL LİSTESİ
A2: Karayolları 9. Bölge Müdürlüğü 2025 YILI HAZİRAN AYI AR-GE Dairesi Bşk. Hizmetleri Protokollu İşler Listesi
A5: Sıra No: | B5: Büro Kayıt No: | C5: Protokol No: | D5: Bölge No | E5: NUMUNEYİ GÖNDEREN | I5: PROTOKOL BEDELİNİ YATIRAN FİRMA | M5: YAPILACAK İŞ | P5: Protokol İmzalanma Tarihi | Q5: Deney 1.Keşif Özeti (TL) | R5: KDV ( H * %20 ) (TL) | S5: KDV' li 1.Keşif Özeti (TL) | T5: KDV' li 2.Keşif Tutarı ( TL ) | U5: TÜRKAK Payı ( G* %06 ) | V5: Damga Vergisi | W5: Toplam Miktar ( TL ) | X5: DEKONT Tarihi | Y5: DEKONT NO: | Z5: AÇIKLAMA
Q7: H | R7: I | S7: J | T7: İ | U7: K | W7: H+K+(I)+(İ)
A8: 1 | R8: =Q8*0.2 -> 0 | S8: =Q8+R8 -> 0 | V8: =Q8*0.00948 -> 0 | W8: =SUM(S8:V8) -> 0
A9: 2 | R9: =Q9*0.2 -> 0 | S9: =Q9+R9 -> 0 | V9: =Q9*0.00948 -> 0 | W9: =SUM(S9:V9) -> 0
A10: 3 | R10: =Q10*0.2 -> 0 | S10: =Q10+R10 -> 0 | V10: =Q10*0.00948 -> 0 | W10: =SUM(S10:V10) -> 0
A11: 4 | R11: =Q11*0.2 -> 0 | S11: =Q11+R11 -> 0 | V11: =Q11*0.00948 -> 0 | W11: =SUM(S11:V11) -> 0
A12: 5 | R12: =Q12*0.2 -> 0 | S12: =Q12+R12 -> 0 | V12: =Q12*0.00948 -> 0 | W12: =SUM(S12:V12) -> 0
A13: 6 | R13: =Q13*0.2 -> 0 | S13: =Q13+R13 -> 0 | V13: =Q13*0.00948 -> 0 | W13: =SUM(S13:V13) -> 0
A14: 7 | R14: =Q14*0.2 -> 0 | S14: =Q14+R14 -> 0 | V14: =Q14*0.00948 -> 0 | W14: =SUM(S14:V14) -> 0
A15: 8 | R15: =Q15*0.2 -> 0 | S15: =Q15+R15 -> 0 | V15: =Q15*0.00948 -> 0 | W15: =SUM(S15:V15) -> 0
A16: 9 | R16: =Q16*0.2 -> 0 | S16: =Q16+R16 -> 0 | V16: =Q16*0.00948 -> 0 | W16: =SUM(S16:V16) -> 0
A17: 10 | R17: =Q17*0.2 -> 0 | S17: =Q17+R17 -> 0 | V17: =Q17*0.00948 -> 0 | W17: =SUM(S17:V17) -> 0
A18: 11 | R18: =Q18*0.2 -> 0 | S18: =Q18+R18 -> 0 | V18: =Q18*0.00948 -> 0 | W18: =SUM(S18:V18) -> 0
A19: 12
A20: 13
A21: 14
A22: 15
A23: 16
A24: 17
A25: 18
A26: 19
A27: 20
A28: 21
A29: 22
A30: 23
... A32: 25
A33: TOPLAM | Q33: =SUM(Q8:Q32) -> 0 | R33: =SUM(R8:R32) -> 0 | S33: =SUM(S8:S32) -> 0 | T33: - | V33: =SUM(V8:V32) -> 0 | W33: =SUM(W8:W32) -> 0
A34: NOT 1: H, I, İ, G, J Keşif Özetinde Verilen Miktarlar Olup Keşif Özetinden Alınacaktır. | T34: Hazırlayan | W34: Sibel GÜMÜŞ
A35: NOT 2: Toplam Miktar hesaplanırken ( I ) veya ( İ )'den Biri Alınacak. | T35: Adı-Soyadı | W35: Atakan ERSOY
T36: Ünvanı | W36: Başmühendis
T37: İmza

Sheet Temmuz
A1: PROTOKOL LİSTESİ
A2: Karayolları 9. Bölge Müdürlüğü 2025 YILI TEMMUZ AYI AR-GE Dairesi Bşk. Hizmetleri Protokollu İşler Listesi
A5: Sıra No: | B5: Büro Kayıt No: | C5: Protokol No: | D5: Bölge No | E5: NUMUNEYİ GÖNDEREN | I5: PROTOKOL BEDELİNİ YATIRAN FİRMA | M5: YAPILACAK İŞ | P5: Protokol İmzalanma Tarihi | Q5: Deney 1.Keşif Özeti (TL) | R5: KDV ( H * %20 ) (TL) | S5: KDV' li 1.Keşif Özeti (TL) | T5: KDV' li 2.Keşif Tutarı ( TL ) | U5: TÜRKAK Payı ( G* %06 ) | V5: Damga Vergisi | W5: Toplam Miktar ( TL ) | X5: DEKONT Tarihi | Y5: DEKONT NO: | Z5: AÇIKLAMA
Q7: H | R7: I | S7: J | T7: İ | U7: K | W7: H+K+(I)+(İ)
A8: 1 | R8: =Q8*0.2 -> 0 | S8: =Q8+R8 -> 0 | V8: =Q8*0.00948 -> 0 | W8: =SUM(S8:V8) -> 0
A9: 2 | R9: =Q9*0.2 -> 0 | S9: =Q9+R9 -> 0 | V9: =Q9*0.00948 -> 0 | W9: =SUM(S9:V9) -> 0
A10: 3 | R10: =Q10*0.2 -> 0 | S10: =Q10+R10 -> 0 | V10: =Q10*0.00948 -> 0 | W10: =SUM(S10:V10) -> 0
A11: 4 | R11: =Q11*0.2 -> 0 | S11: =Q11+R11 -> 0 | V11: =Q11*0.00948 -> 0 | W11: =SUM(S11:V11) -> 0
A12: 5 | R12: =Q12*0.2 -> 0 | S12: =Q12+R12 -> 0 | V12: =Q12*0.00948 -> 0 | W12: =SUM(S12:V12) -> 0
A13: 6 | R13: =Q13*0.2 -> 0 | S13: =Q13+R13 -> 0 | V13: =Q13*0.00948 -> 0 | W13: =SUM(S13:V13) -> 0
A14: 7 | R14: =Q14*0.2 -> 0 | S14: =Q14+R14 -> 0 | V14: =Q14*0.00948 -> 0 | W14: =SUM(S14:V14) -> 0
A15: 8 | R15: =Q15*0.2 -> 0 | S15: =Q15+R15 -> 0 | V15: =Q15*0.00948 -> 0 | W15: =SUM(S15:V15) -> 0
A16: 9 | R16: =Q16*0.2 -> 0 | S16: =Q16+R16 -> 0 | V16: =Q16*0.00948 -> 0 | W16: =SUM(S16:V16) -> 0
A17: 10 | R17: =Q17*0.2 -> 0 | S17: =Q17+R17 -> 0 | V17: =Q17*0.00948 -> 0 | W17: =SUM(S17:V17) -> 0
A18: 11 | R18: =Q18*0.2 -> 0 | S18: =Q18+R18 -> 0 | V18: =Q18*0.00948 -> 0 | W18: =SUM(S18:V18) -> 0
A19: 12 | R19: =Q19*0.2 -> 0 | S19: =Q19+R19 -> 0 | V19: =Q19*0.00948 -> 0 | W19: =SUM(S19:V19) -> 0
... A28: 21 | R28: =Q28*0.2 -> 0 | S28: =Q28+R28 -> 0 | V28: =Q28*0.00948 -> 0 | W28: =SUM(S28:V28) -> 0
A29: 22 | B29: 2025/78 | C29: 78 | D29: 9 | R29: =Q29*0.2 -> 0 | S29: =Q29+R29 -> 0 | V29: =Q29*0.00948 -> 0 | W29: =SUM(S29:V29) -> 0
A30: 24 | R30: =Q30*0.2 -> 0 | S30: =Q30+R30 -> 0 | V30: =Q30*0.00948 -> 0 | W30: =SUM(S30:V30) -> 0
A31: 25 | R31: =Q31*0.2 -> 0 | S31: =Q31+R31 -> 0 | V31: =Q31*0.00948 -> 0 | W31: =SUM(S31:V31) -> 0
A32: TOPLAM | Q32: =SUM(Q8:Q31) -> 0 | R32: =SUM(R8:R31) -> 0 | S32: =SUM(S8:S31) -> 0 | T32: - | V32: =Q32*0.00948 -> 0 | W32: =SUM(S32:V32) -> 0
A33: NOT 1: H, I, İ, G, J Keşif Özetinde Verilen Miktarlar Olup Keşif Özetinden Alınacaktır. | T33: Hazırlayan | W33: Sibel GÜMÜŞ
A34: NOT 2: Toplam Miktar hesaplanırken ( I ) veya ( İ )'den Biri Alınacak. | T34: Adı-Soyadı | W34: Atakan ERSOY
T35: Ünvanı | W35: Başmühendis
T36: İmza

Sheet Ağustos
A1: PROTOKOL LİSTESİ
A2: Karayolları 9. Bölge Müdürlüğü 2025 YILI AĞUSTOS AYI AR-GE Dairesi Bşk. Hizmetleri Protokollu İşler Listesi
A5: Sıra No: | B5: Büro Kayıt No: | C5: Protokol No: | D5: Bölge No | E5: NUMUNEYİ GÖNDEREN | I5: PROTOKOL BEDELİNİ YATIRAN FİRMA | M5: YAPILACAK İŞ | P5: Protokol İmzalanma Tarihi | Q5: Deney 1.Keşif Özeti (TL) | R5: KDV ( H * %20 ) (TL) | S5: KDV' li 1.Keşif Özeti (TL) | T5: KDV' li 2.Keşif Tutarı ( TL ) | U5: TÜRKAK Payı ( G* %06 ) | V5: Damga Vergisi | W5: Toplam Miktar ( TL ) | X5: DEKONT Tarihi | Y5: DEKONT NO: | Z5: AÇIKLAMA
Q7: H | R7: I | S7: J | T7: İ | U7: K | W7: H+K+(I)+(İ)
A8: 1 | B8: 2025/78 | C8: 78 | D8: 9 | E8: ORAK YAPI | I8: ORAK YAPI | M8: PROFİLMETRE | P8: 29.07.2025 | Q8: 11776.96 | R8: =Q8*0.2 -> 2355.392 | S8: =Q8+R8 -> 14132.352 | V8: =Q8*0.00948 -> 111.64558 | W8: =SUM(S8:V8) -> 14243.998 | X8: 45880 | Y8: 1420118 | Z8: GARANTİBANK
A9: 2 | B9: 2025/79 | C9: 79 | D9: 9 | E9: SİNAN ÖZKAN | I9: SİNAN ÖZKAN | M9: BETON LAB.DENEYLERİ | P9: 18.08.2025 | Q9: 3510.08 | R9: =Q9*0.2 -> 702.016 | S9: =Q9+R9 -> 4212.096 | V9: =Q9*0.00948 -> 33.275558 | W9: =SUM(S9:V9) -> 4245.3716 | X9: 18.08.2025 | Y9: 1985260740 | Z9: VAKIFBANK
A10: 3 | B10: 2025/80 | C10: 80 | D10: 9 | E10: HELTAŞ İNŞAAT | I10: HELTAŞ İNŞAAT | M10: BİTÜM LAB.DENEYLERİ | P10: 14.08.2025 | Q10: 44056.5 | R10: =Q10*0.2 -> 8811.3 | S10: =Q10+R10 -> 52867.8 | V10: =Q10*0.00948 -> 417.65562 | W10: =SUM(S10:V10) -> 53285.456 | X10: 45887 | Y10: F02674 | Z10: ZİRAAT BANKASI
A11: 4 | B11: 2025/81 | C11: 81 | D11: 9 | E11: MİLLİ SAVUNMA BAKANLIĞI (T.C.B) İNŞAAT | I11: MİLLİ SAVUNMA BAKANLIĞI (T.C.B) İNŞAAT | M11: TOPRAK LAB.DENEYLERİ | P11: 08.08.2025 | Q11: 55096.8 | R11: =Q11*0.2 -> 11019.36 | S11: =Q11+R11 -> 66116.16 | V11: =Q11*0.00948 -> 522.31766 | W11: =SUM(S11:V11) -> 66638.478 | X11: 08.08.2025 | Y11: 2056586 | Z11: FİNANSBANK
A12: 5 | B12: 2025/82 | C12: 82 | D12: 9 | E12: CİZRE BELEDİYESİ | I12: CİZRE BELEDİYESİ | M12: BİTÜM LAB.DENEYLERİ | P12: 08.08.2025 | Q12: 9712 | R12: =Q12*0.2 -> 1942.4 | S12: =Q12+R12 -> 11654.4 | V12: =Q12*0.00948 -> 92.06976 | W12: =SUM(S12:V12) -> 11746.47 | X12: 08.08.2025 | Y12: 1960688967 | Z12: VAKIFBANK
A13: 6 | B13: 2025/83 | C13: 83 | D13: 9 | E13: TPAO ŞIRNAK B.M | I13: TPAO ŞIRNAK B.M | M13: TOPRAK-BİTÜM LAB.DENEYLERİ | P13: 09.07.2025 | Q13: 154664.95 | R13: =Q13*0.2 -> 30932.99 | S13: =Q13+R13 -> 185597.94 | V13: =Q13*0.00948 -> 1466.2237 | W13: =SUM(S13:V13) -> 187064.16 | X13: 07.08.2025 | Y13: 1981914 | Z13: VAKIFBANK
A14: 7 | B14: 2025/84 | C14: 84 | D14: 9 | E14: CEYLAN İNŞAAT | I14: CEYLAN İNŞAAT | M14: TOPRAK LAB.DENEYLERİ | P14: 22.08.2025 | Q14: 27623.53 | R14: =Q14*0.2 -> 5524.706 | S14: =Q14+R14 -> 33148.236 | V14: =Q14*0.00948 -> 261.87106 | W14: =SUM(S14:V14) -> 33410.107 | X14: 22.08.2025 | Y14: 3720972 | Z14: FİNANSBANK
A15: 8
A16: 9
A17: 10
A18: 11
A19: 12
A20: 13
A21: 14
A22: 15
A23: 16
A24: 17
A25: 18
A26: 19
... A31: 24
A33: TOPLAM | Q33: =SUM(Q8:Q32) -> 306440.82 | R33: =SUM(R8:R32) -> 61288.164 | S33: =SUM(S8:S32) -> 367728.98 | T33: - | V33: =SUM(V8:V32) -> 2905.059 | W33: =SUM(W8:W32) -> 370634.04
A34: NOT 1: H, I, İ, G, J Keşif Özetinde Verilen Miktarlar Olup Keşif Özetinden Alınacaktır. | T34: Hazırlayan | W34: Sibel GÜMÜŞ
A35: NOT 2: Toplam Miktar hesaplanırken ( I ) veya ( İ )'den Biri Alınacak. | T35: Adı-Soyadı | W35: Atakan ERSOY
T36: Ünvanı | W36: Başmühendis
T37: İmza

Sheet Eylül
A1: PROTOKOL LİSTESİ
A2: Karayolları 9. Bölge Müdürlüğü 2025 YILI EYLÜL AYI AR-GE Dairesi Bşk. Hizmetleri Protokollu İşler Listesi
A5: Sıra No: | B5: Büro Kayıt No: | C5: Protokol No: | D5: Bölge No | E5: NUMUNEYİ GÖNDEREN | I5: PROTOKOL BEDELİNİ YATIRAN FİRMA | M5: YAPILACAK İŞ | P5: Protokol İmzalanma Tarihi | Q5: Deney 1.Keşif Özeti (TL) | R5: KDV ( H * %20 ) (TL) | S5: KDV' li 1.Keşif Özeti (TL) | T5: KDV' li 2.Keşif Tutarı ( TL ) | U5: TÜRKAK Payı ( G* %06 ) | V5: Damga Vergisi | W5: Toplam Miktar ( TL ) | X5: DEKONT Tarihi | Y5: DEKONT NO: | Z5: AÇIKLAMA
Q7: H | R7: I | S7: J | T7: İ | U7: K | W7: H+K+(I)+(İ)
A8: 1 | B8: 2025/85 | C8: 85 | D8: 9 | E8: OKYANUS BAHADIR ADİ ORTK. | I8: OKYANUS BAHADIR ADİ ORTK. | M8: PROFİLOMETRE | P8: 05.09.2025 | Q8: 9352.26 | R8: =Q8*0.2 -> 1870.452 | S8: =Q8+R8 -> 11222.712 | V8: =Q8*0.00948 -> 88.659425 | W8: =SUM(S8:V8) -> 11311.371 | X8: 02.09.2025 | Y8: F01345 | Z8: ZİRAAT BANKASI
A9: 2 | B9: 2025/86 | C9: 86 | D9: 9 | E9: ELH-EYLÜL-FENİX İŞ ORT. | I9: ELH-EYLÜL-FENİX İŞ ORT. | M9: TOPRAK LAB.DENEYLERİ | P9: 01.09.2025 | Q9: 15631.72 | R9: =Q9*0.2 -> 3126.344 | S9: =Q9+R9 -> 18758.064 | V9: =Q9*0.00948 -> 148.18871 | W9: =SUM(S9:V9) -> 18906.253 | X9: 02.09.2025 | Y9: 43635023 | Z9: HALKBANK
A10: 3 | B10: 2025/87 | C10: 87 | D10: 9 | E10: ELH-EYLÜL-FENİX İŞ ORT. | I10: ELH-EYLÜL-FENİX İŞ ORT. | M10: TOPRAK LAB.DENEYLERİ | P10: 21.07.2025 | Q10: 52491.5 | R10: =Q10*0.2 -> 10498.3 | S10: =Q10+R10 -> 62989.8 | V10: =Q10*0.00948 -> 497.61942 | W10: =SUM(S10:V10) -> 63487.419 | X10: 45902 | Y10: 6761336 | Z10: HALKBANK
A11: 4 | B11: 2025/88 | C11: 88 | D11: 9 | E11: SİİRT BETON SAN. | I11: SİİRT BETON SAN. | M11: BETON LAB.DENEYLERİ | P11: 09.09.2025 | Q11: 3530.1 | R11: =Q11*0.2 -> 706.02 | S11: =Q11+R11 -> 4236.12 | V11: =Q11*0.00948 -> 33.465348 | W11: =SUM(S11:V11) -> 4269.5853 | X11: 09.09.2025 | Y11: 7546576 | Z11: HALKBANK
A12: 5 | B12: 2025/89 | C12: 89 | D12: 9 | E12: ÖRESAN İNŞAAT | I12: ÖRESAN İNŞAAT | M12: PROFİLOMETRE | P12: 08.09.2025 | Q12: 1385.52 | R12: =Q12*0.2 -> 277.104 | S12: =Q12+R12 -> 1662.624 | V12: =Q12*0.00948 -> 13.13473 | W12: =SUM(S12:V12) -> 1675.7587 | X12: 08.09.2025 | Y12: 7414831 | Z12: HALKBANK
A13: 6 | B13: 2025/90 | C13: 90 | D13: 9 | E13: AB İŞ MAK.İNŞ.+İMSA İNŞ.İŞ ORTK. | I13: AB İŞ MAK.İNŞ.+İMSA İNŞ.İŞ ORTK. | M13: TOPRAK LAB.DENEYLERİ | P13: 09.09.2025 | Q13: 73091.4 | R13: =Q13*0.2 -> 14618.28 | S13: =Q13+R13 -> 87709.68 | V13: =Q13*0.00948 -> 692.90647 | W13: =SUM(S13:V13) -> 88402.586 | X13: 03.09.2025 | Y13: F00642 | Z13: ZİRAAT BANKASI
A14: 7 | B14: 2025/91 | C14: 91 | D14: 9 | E14: MARİSTAN İNŞAAT | I14: MARİSTAN İNŞAAT | M14: TOPRSK-BİTÜM LAB.DENEYLERİ | P14: 16.09.2025 | Q14: 25534.51 | R14: =Q14*0.2 -> 5106.902 | S14: =Q14+R14 -> 30641.412 | V14: =Q14*0.00948 -> 242.06715 | W14: =SUM(S14:V14) -> 30883.479 | X14: 16.09.2025 | Y14: 9999941481 | Z14: VAKIF KATILIM
A15: 8 | B15: 2025/92 | C15: 92 | D15: 9 | E15: İŞÇİM MAK.İNŞ. | I15: İŞÇİM MAK.İNŞ. | M15: TOPRAK LAB.DENEYLERİ | P15: 19.09.2025 | Q15: 8996.62 | R15: =Q15*0.2 -> 1799.324 | S15: =Q15+R15 -> 10795.944 | V15: =Q15*0.00948 -> 85.287958 | W15: =SUM(S15:V15) -> 10881.232 | X15: 19.09.2025 | Y15: 4919305382 67402240 | Z15: DENİZBANK
A16: 9 | B16: 2025/93 | C16: 93 | D16: 9 | E16: NURŞAH İNŞ. | I16: NURŞAH İNŞ. | M16: PROFİLOMETRE | P16: 25.09.2025 | Q16: 37178.12 | R16: =Q16*0.2 -> 7435.624 | S16: =Q16+R16 -> 44613.744 | V16: =Q16*0.00948 -> 352.44858 | W16: =SUM(S16:V16) -> 44966.193 | X16: 25.09.2025 | Y16: F00771 | Z16: ZİRAAT BANKASI
A17: 10 | B17: 2025/94 | C17: 94 | D17: 9 | E17: NURŞAH İNŞ. | I17: NURŞAH İNŞ. | M17: PROFİLOMETRE | P17: 25.09.2025 | Q17: 16395.32 | R17: =Q17*0.2 -> 3279.064 | S17: =Q17+R17 -> 19674.384 | V17: =Q17*0.00948 -> 155.42763 | W17: =SUM(S17:V17) -> 19829.812 | X17: 25.09.2025 | Y17: F00766 | Z17: ZİRAAT BANKASI
A18: 11 | B18: 2025/95 | C18: 95 | D18: 9 | E18: MARİSTAN İNŞAAT | I18: MARİSTAN İNŞAAT | M18: BİTÜM LAB.DENEYLERİ | P18: 25.09.2025 | Q18: 3349.31 | R18: =Q18*0.2 -> 669.862 | S18: =Q18+R18 -> 4019.172 | V18: =Q18*0.00948 -> 31.751459 | W18: =SUM(S18:V18) -> 4050.9235 | X18: 25.09.2025 | Y18: 9999977673 | Z18: VAKIF KATILIM
A19: 12 | B19: 2025/96 | C19: 96 | D19: 9 | E19: GÖNÜÇ İNŞ+AYDİŞ MAD. İŞ ORTK. | I19: GÖNÜÇ İNŞ+AYDİŞ MAD. İŞ ORTK. | M19: PROFİLOMETRE | P19: 30.09.2025 | Q19: 16857.16 | R19: =Q19*0.2 -> 3371.432 | S19: =Q19+R19 -> 20228.592 | V19: =Q19*0.00948 -> 159.80588 | W19: =SUM(S19:V19) -> 20388.398 | X19: 01.10.2025 | Y19: 0318262 | Z19: AKBANK
R20: =Q20*0.2 -> 0 | S20: =Q20+R20 -> 0 | V20: =Q20*0.00948 -> 0 | W20: =SUM(S20:V20) -> 0
A21: 21 | R21: =Q21*0.2 -> 0 | S21: =Q21+R21 -> 0 | W21: =SUM(S21:V21) -> 0
A22: 23 | R22: =Q22*0.2 -> 0 | S22: =Q22+R22 -> 0 | W22: =SUM(S22:V22) -> 0
A23: 24 | R23: =Q23*0.2 -> 0 | S23: =Q23+R23 -> 0 | W23: =SUM(S23:V23) -> 0
A24: 25 | R24: =Q24*0.2 -> 0 | S24: =Q24+R24 -> 0 | W24: =SUM(S24:V24) -> 0
A25: TOPLAM | Q25: =SUM(Q8:Q24) -> 263793.54 | R25: =SUM(R8:R24) -> 52758.708 | S25: =SUM(S8:S24) -> 316552.25 | T25: - | V25: =SUM(V8:V24) -> 2500.7628 | W25: =SUM(W8:W24) -> 319053.01
A26: NOT 1: H, I, İ, G, J Keşif Özetinde Verilen Miktarlar Olup Keşif Özetinden Alınacaktır. | T26: Hazırlayan | W26: Sibel GÜMÜŞ
A27: NOT 2: Toplam Miktar hesaplanırken ( I ) veya ( İ )'den Biri Alınacak. | T27: Adı-Soyadı | W27: Atakan ERSOY
T28: Ünvanı | W28: Başmühendis
T29: İmza

Sheet Ekim
A1: PROTOKOL LİSTESİ
A2: Karayolları 9. Bölge Müdürlüğü 2025 YILI EKİM AYI AR-GE Dairesi Bşk. Hizmetleri Protokollu İşler Listesi
A5: Sıra No: | B5: Büro Kayıt No: | C5: Protokol No: | D5: Bölge No | E5: NUMUNEYİ GÖNDEREN | I5: PROTOKOL BEDELİNİ YATIRAN FİRMA | M5: YAPILACAK İŞ | P5: Protokol İmzalanma Tarihi | Q5: Deney 1.Keşif Özeti (TL) | R5: KDV ( H * %20 ) (TL) | S5: KDV' li 1.Keşif Özeti (TL) | T5: KDV' li 2.Keşif Tutarı ( TL ) | U5: TÜRKAK Payı ( G* %06 ) | V5: Damga Vergisi | W5: Toplam Miktar ( TL ) | X5: DEKONT Tarihi | Y5: DEKONT NO: | Z5: AÇIKLAMA
Q7: H | R7: I | S7: J | T7: İ | U7: K | W7: H+K+(I)+(İ)
A8: 1 | B8: 205/97 | C8: 97 | D8: 9 | E8: DEHA+DEMİR İŞ ORTK. | I8: DEHA+DEMİR İŞ ORTK. | M8: PROFİLOMETRE | P8: 06.10.2025 | Q8: 6812.14 | R8: =Q8*0.2 -> 1362.428 | S8: =Q8+R8 -> 8174.568 | V8: =Q8*0.00948 -> 64.579087 | W8: =SUM(S8:V8) -> 8239.1471 | X8: 45936 | Y8: F00884 | Z8: ZİRAAT BANKASI
A9: 2 | B9: 2025/98 | C9: 98 | D9: 9 | E9: ESKİKALE+ARFEM İNŞ İŞ ORTK. | I9: ESKİKALE+ARFEM İNŞ İŞ ORTK. | M9: PROFİLOMETRE | P9: 09.09.2025 | Q9: 4399.26 | R9: =Q9*0.2 -> 879.852 | S9: =Q9+R9 -> 5279.112 | V9: =Q9*0.00948 -> 41.704985 | W9: =SUM(S9:V9) -> 5320.817 | X9: 02.10.2025 | Y9: 6702030 | Z9: HALKBANK
A10: 3 | B10: 2025/99 | C10: 99 | D10: 9 | E10: BARAN İNŞAAT | I10: BARAN İNŞAAT | M10: PROFİLOMETRE | P10: 02.10.2025 | Q10: 13855.2 | R10: =Q10*0.2 -> 2771.04 | S10: =Q10+R10 -> 16626.24 | V10: =Q10*0.00948 -> 131.3473 | W10: =SUM(S10:V10) -> 16757.587 | X10: 02.10.2025 | Y10: 9115702 | Z10: KUVEYTÜRK
A11: 4 | B11: 2025/100 | C11: 100 | D11: 9 | E11: BARAN İNŞAAT | I11: BARAN İNŞAAT | M11: PROFİLOMETRE | P11: 02.10.2025 | Q11: 3463.8 | R11: =Q11*0.2 -> 692.76 | S11: =Q11+R11 -> 4156.56 | V11: =Q11*0.00948 -> 32.836824 | W11: =SUM(S11:V11) -> 4189.3968 | X11: 02.10.2025 | Y11: 9115709 | Z11: KUVEYTÜRK
A12: 5 | B12: 2025/101 | C12: 101 | D12: 9 | E12: SAY İNŞAAT | I12: SAY İNŞAAT | M12: TOPRAK LAB.DENEYLERİ | P12: 03.10.2025 | Q12: 12796.85 | R12: =Q12*0.2 -> 2559.37 | S12: =Q12+R12 -> 15356.22 | V12: =Q12*0.00948 -> 121.31414 | W12: =SUM(S12:V12) -> 15477.534 | X12: 08.10.2025 | Y12: 17806885325 | Z12: ZİRAAT BANKASI
A13: 6 | B13: 2025/102 | C13: 102 | D13: 9 | E13: MET GRUP İNŞAAT | I13: MET GRUP İNŞAAT | M13: BİTÜM LAB.DENEYLERİ | P13: 30.09.2025 | Q13: 97188.64 | R13: =Q13*0.2 -> 19437.728 | S13: =Q13+R13 -> 116626.37 | V13: =Q13*0.00948 -> 921.34831 | W13: =SUM(S13:V13) -> 117547.72 | X13: 09.10.2025 | Y13: 7522828 | Z13: ZİRAAT BANKASI
A14: 7 | B14: 2025/103 | C14: 103 | D14: 9 | E14: ZBE İNŞ (MARDİN BÜYÜKŞEHİR BELEDİYESİ) | I14: ZBE İNŞ (MARDİN BÜYÜKŞEHİR BELEDİYESİ) | M14: BİTÜM LAB.DENEYLERİ | P14: 17.10.2025 | Q14: 5470.77 | R14: =Q14*0.2 -> 1094.154 | S14: =Q14+R14 -> 6564.924 | V14: =Q14*0.00948 -> 51.8629 | W14: =SUM(S14:V14) -> 6616.7869 | X14: 17.10.2025 | Y14: 208311095 | Z14: HALKBANK
A15: 8 | B15: 2025/104 | C15: 104 | D15: 9 | E15: ZİVER İNŞAAT | I15: ZİVER İNŞAAT | M15: PROFİLOMETRE | P15: 17.10.2025 | Q15: 10275.94 | R15: =Q15*0.2 -> 2055.188 | S15: =Q15+R15 -> 12331.128 | V15: =Q15*0.00948 -> 97.415911 | W15: =SUM(S15:V15) -> 12428.544 | X15: 17.10.2025 | Y15: F01739 | Z15: ZİRAAT BANKASI
A16: 9 | B16: 2025/105 | C16: 105 | D16: 9 | E16: SUR BETON YAPI | I16: SUR BETON YAPI | M16: BETON LAB.DENEYLERİ | P16: 15.10.2025 | Q16: 5213.33 | R16: =Q16*0.2 -> 1042.666 | S16: =Q16+R16 -> 6255.996 | V16: =Q16*0.00948 -> 49.422368 | W16: =SUM(S16:V16) -> 6305.4184 | X16: 16.10.2025 | Y16: 1053101414 | Z16: ZİRAAT BANKASI
A17: 10 | B17: 2025/106 | C17: 106 | D17: 9 | E17: FRT GROUP LOJİSTİK | I17: FRT GROUP LOJİSTİK | M17: TOPRAK LAB.DENEYLERİ | P17: 22.10.2025 | Q17: 26989.86 | R17: =Q17*0.2 -> 5397.972 | S17: =Q17+R17 -> 32387.832 | V17: =Q17*0.00948 -> 255.86387 | W17: =SUM(S17:V17) -> 32643.696 | X17: 22.10.2025 | Y17: 4347017 | Z17: YAPIKREDİ
A18: 11 | B18: 2025107 | C18: 107 | D18: 9 | E18: CE HAZIR BETON | I18: CE HAZIR BETON | M18: BİTÜM LAB.DENEYLERİ | P18: 22.10.2025 | Q18: 14833.14 | R18: =Q18*0.2 -> 2966.628 | S18: =Q18+R18 -> 17799.768 | V18: =Q18*0.00948 -> 140.61817 | W18: =SUM(S18:V18) -> 17940.386 | X18: 22.10.2025 | Y18: 1085615241 | Z18: HALKBANK
A19: 12 | B19: 2025108 | C19: 108 | D19: 9 | E19: DEHA+DEMİR İŞ ORTK. | I19: DEHA+DEMİR İŞ ORTK. | M19: PROFİLOMETRE | P19: 14.10.2025 | Q19: 4156.56 | R19: =Q19*0.2 -> 831.312 | S19: =Q19+R19 -> 4987.872 | V19: =Q19*0.00948 -> 39.404189 | W19: =SUM(S19:V19) -> 5027.2762 | X19: 23.10.2025 | Y19: F06607 | Z19: ZİRAAT BANKASI
A20: 13 | B20: 2025109 | C20: 109 | D20: 9 | E20: ORKA YAPI | I20: ORKA YAPI | M20: BİTÜM LAB.DENEYLERİ | P20: 23.10.2025 | Q20: 97188.64 | R20: =Q20*0.2 -> 19437.728 | S20: =Q20+R20 -> 116626.37 | V20: =Q20*0.00948 -> 921.34831 | W20: =SUM(S20:V20) -> 117547.72 | X20: 23.10.2025 | Y20: 654401 | Z20: HALKBANK
A21: 14 | B21: 2025/110 | C21: 110 | D21: 9 | E21: CEYLAN İNŞAAT | I21: CEYLAN İNŞAAT | M21: PROFİLOMETRE | P21: 27.04.2025 | Q21: 7966.74 | R21: =Q21*0.2 -> 1593.348 | S21: =Q21+R21 -> 9560.088 | V21: =Q21*0.00948 -> 75.524695 | W21: =SUM(S21:V21) -> 9635.6127 | X21: 27.10.2025 | Y21: 1237898162 | Z21: FİNANSBANK
A22: 15 | B22: 2025/111 | C22: 111 | D22: 9 | E22: CEYLAN İNŞAAT | I22: CEYLAN İNŞAAT | M22: BETON LAB.DENEYLERİ | P22: 22.10.2025 | Q22: 41524.64 | R22: =Q22*0.2 -> 8304.928 | S22: =Q22+R22 -> 49829.568 | V22: =Q22*0.00948 -> 393.65359 | W22: =SUM(S22:V22) -> 50223.222 | X22: 27.10.2025 | Y22: 1237893320 | Z22: FİNANSBANK
A23: 16 | B23: 2025/112 | C23: 112 | D23: 9 | E23: HASLAN+TOPALAN+AGF | I23: HASLAN+TOPALAN+AGF | M23: TOPRAK LAB.DENEYLERİ | P23: 06.10.2025 | Q23: 50521.81 | R23: =Q23*0.2 -> 10104.362 | S23: =Q23+R23 -> 60626.172 | V23: =Q23*0.00948 -> 478.94676 | W23: =SUM(S23:V23) -> 61105.119 | X23: 27.10.2025 | Y23: F59776 | Z23: ZİRAAT BANKASI
A24: 17 | B24: 2025 | C24: 113 | D24: 9 | E24: MHG LİMAN+MEHMET İHSAN DEMİR İŞ ORT. | I24: MHG LİMAN+MEHMET İHSAN DEMİR İŞ ORT. | M24: BİTÜM+BETON LAB.DENEYLERİ | P24: 28.10.2025 | Q24: 39570.57 | R24: =Q24*0.2 -> 7914.114 | S24: =Q24+R24 -> 47484.684 | V24: =Q24*0.00948 -> 375.129 | W24: =SUM(S24:V24) -> 47859.813 | X24: 28.10.2025 | Y24: F02309 | Z24: ZİRAAT BANKASI
S25: =Q25+R25 -> 0 | V25: =Q25*0.00948 -> 0 | W25: =SUM(S25:V25) -> 0
A26: TOPLAM | Q26: =SUM(Q8:Q25) -> 442227.89 | R26: =SUM(R8:R25) -> 88445.578 | S26: =SUM(S8:S25) -> 530673.47 | T26: - | V26: =SUM(V8:V25) -> 4192.3204 | W26: =SUM(W8:W25) -> 534865.79
A27: NOT 1: H, I, İ, G, J Keşif Özetinde Verilen Miktarlar Olup Keşif Özetinden Alınacaktır. | T27: Hazırlayan | W27: Sibel GÜMÜŞ
A28: NOT 2: Toplam Miktar hesaplanırken ( I ) veya ( İ )'den Biri Alınacak. | T28: Adı-Soyadı | W28: Atakan ERSOY
T29: Ünvanı | W29: Başmühendis
T30: İmza

Sheet KASIM
A1: PROTOKOL LİSTESİ
A2: Karayolları 9. Bölge Müdürlüğü 2025 YILI KASIM AYI AR-GE Dairesi Bşk. Hizmetleri Protokollu İşler Listesi
A5: Sıra No: | B5: Büro Kayıt No: | C5: Protokol No: | D5: Bölge No | E5: NUMUNEYİ GÖNDEREN | I5: PROTOKOL BEDELİNİ YATIRAN FİRMA | M5: YAPILACAK İŞ | P5: Protokol İmzalanma Tarihi | Q5: Deney 1.Keşif Özeti (TL) | R5: KDV ( H * %20 ) (TL) | S5: KDV' li 1.Keşif Özeti (TL) | T5: KDV' li 2.Keşif Tutarı ( TL ) | U5: TÜRKAK Payı ( G* %06 ) | V5: Damga Vergisi | W5: Toplam Miktar ( TL ) | X5: DEKONT Tarihi | Y5: DEKONT NO: | Z5: AÇIKLAMA
Q7: H | R7: I | S7: J | T7: İ | U7: K | W7: H+K+(I)+(İ)
A8: 1 | B8: 2025/114 | C8: 114 | D8: 9 | E8: TPAO BATMAN (MEHMET EFE MERT-BULCAN) | I8: TPAO BATMAN (MEHMET EFE MERT-BULCAN) | M8: BİTÜM LAB.DENEYLERİ | P8: 10.11.2025 | Q8: 8068.4 | R8: =Q8*0.2 -> 1613.68 | S8: =Q8+R8 -> 9682.08 | V8: =Q8*0.00948 -> 76.488432 | W8: =SUM(S8:V8) -> 9758.5684 | X8: 45971 | Y8: 1111838297 | Z8: HALKBANK
A9: 2 | B9: 2025/115 | C9: 115 | D9: 9 | E9: TPAO BATMAN BÖL.MÜD.(İLTEN YOL) | I9: TPAO BATMAN BÖL.MÜD.(İLTEN YOL) | M9: BİTÜM LAB.DENEYLERİ | P9: 10.11.2025 | Q9: 8068.45 | R9: =Q9*0.2 -> 1613.69 | S9: =Q9+R9 -> 9682.14 | V9: =Q9*0.00948 -> 76.488906 | W9: =SUM(S9:V9) -> 9758.6289 | X9: 10.11.2025 | Y9: FAAD65 | Z9: ZİRAAT BANKASI
A10: 3 | B10: 2025/116 | C10: 116 | D10: 9 | E10: MİKAİL İNŞ.+SURYOL İNİ.İŞ ORTK. | I10: MİKAİL İNŞ.+SURYOL İNİ.İŞ ORTK. | M10: BİTÜM LAB.DENEYLERİ | P10: 11.11.2025 | Q10: 18963.88 | R10: =Q10*0.2 -> 3792.776 | S10: =Q10+R10 -> 22756.656 | V10: =Q10*0.00948 -> 179.77758 | W10: =SUM(S10:V10) -> 22936.434 | X10: 45972 | Y10: 7740010 | Z10: KUVEYTÜRK
A11: 4 | B11: 2025/117 | C11: 117 | D11: 9 | E11: KIRIMOĞLU MÜH. | I11: KIRIMOĞLU MÜH. | M11: BETON LAB.DENEYLERİ | P11: 12.11.2025 | Q11: 35662.2 | R11: =Q11*0.2 -> 7132.44 | S11: =Q11+R11 -> 42794.64 | V11: =Q11*0.00948 -> 338.07766 | W11: =SUM(S11:V11) -> 43132.718 | X11: 12.11.2025 | Y11: 9496537 | Z11: KUVEYTÜRK
A12: 5 | B12: 2025/118 | C12: 118 | D12: 9 | E12: MEHMET DURMAZ ARYA MÜH. -KD İŞ ORTK | I12: MEHMET DURMAZ ARYA MÜH. -KD İŞ ORTK | M12: BİTÜM LAB.DENEYLERİ | P12: 13.11.2025 | Q12: 14764.21 | R12: =Q12*0.2 -> 2952.842 | S12: =Q12+R12 -> 17717.052 | V12: =Q12*0.00948 -> 139.96471 | W12: =SUM(S12:V12) -> 17857.017 | X12: 13.11.2025 | Y12: 1116243686 | Z12: HALKBANK
A13: 6 | B13: 2025/119 | C13: 119 | D13: 9 | E13: ELH-EYLÜL-FENİX İŞ ORTK. | I13: ELH-EYLÜL-FENİX İŞ ORTK. | M13: TOPRAK LAB.DENEYLERİ | P13: 04.11.2025 | Q13: 50521.81 | R13: =Q13*0.2 -> 10104.362 | S13: =Q13+R13 -> 60626.172 | V13: =Q13*0.00948 -> 478.94676 | W13: =SUM(S13:V13) -> 61105.119 | X13: 17.11.2025 | Y13: 7958920 | Z13: HALKBANK
A14: 7 | B14: 2025/120 | C14: 120 | D14: 9 | E14: DEMYOL İNŞ. | I14: DEMYOL İNŞ. | M14: TOPRAK LAB.DENEYLERİ | P14: 27.10.2025 | Q14: 30274.59 | R14: =Q14*0.2 -> 6054.918 | S14: =Q14+R14 -> 36329.508 | V14: =Q14*0.00948 -> 287.00311 | W14: =SUM(S14:V14) -> 36616.511 | X14: 12.11.2025 | Y14: 6760000137 | Z14: GARANTİ BANKASI
A15: 8 | B15: 2025/121 | C15: 121 | D15: 9 | E15: ÖZSAL+ŞERİFOĞLU İŞ ORT. | I15: ÖZSAL+ŞERİFOĞLU İŞ ORT. | M15: BETON LAB.DENEYLERİ | P15: 17.11.2025 | Q15: 30149.4 | R15: =Q15*0.2 -> 6029.88 | S15: =Q15+R15 -> 36179.28 | V15: =Q15*0.00948 -> 285.81631 | W15: =SUM(S15:V15) -> 36465.096 | X15: 17.11.2025 | Y15: F01813 | Z15: ZİRAAT BANKASI
A16: 9 | B16: 2025/122 | C16: 122 | D16: 9 | E16: MİLA ENERJİ İNŞAAT | I16: MİLA ENERJİ İNŞAAT | M16: BİTÜM LAB.DENEYLERİ | P16: 17.11.2025 | Q16: 44056.5 | R16: =Q16*0.2 -> 8811.3 | S16: =Q16+R16 -> 52867.8 | V16: =Q16*0.00948 -> 417.65562 | W16: =SUM(S16:V16) -> 53285.456 | X16: 18.11.2025 | Y16: 5003532 | Z16: YAPIKREDİ
A17: 10 | B17: 2025/123 | C17: 123 | D17: 9 | E17: MİLA ENERJİ İNŞAAT | I17: MİLA ENERJİ İNŞAAT | M17: BİTÜM LAB.DENEYLERİ | P17: 25.08.2025 | Q17: 44056.5 | R17: =Q17*0.2 -> 8811.3 | S17: =Q17+R17 -> 52867.8 | V17: =Q17*0.00948 -> 417.65562 | W17: =SUM(S17:V17) -> 53285.456 | X17: 27.08.2025 | Y17: 6066903 | Z17: YAPIKREDİ
A18: 11 | B18: 2025/124 | C18: 124 | D18: 9 | E18: MARDİN BÜYÜKŞEHİR BELEDİYESİ | I18: MARDİN BÜYÜKŞEHİR BELEDİYESİ | M18: BETON LAB.DENEYLERİ | P18: 22.09.2025 | Q18: 20571.5 | R18: =Q18*0.2 -> 4114.3 | S18: =Q18+R18 -> 24685.8 | V18: =Q18*0.00948 -> 195.01782 | W18: =SUM(S18:V18) -> 24880.818 | X18: 22.09.2025 | Y18: 1043245340 | Z18: HALKBANK
A19: 12 | B19: 2025/125 | C19: 125 | D19: 9 | E19: ZİVER İNŞAAT | I19: ZİVER İNŞAAT | M19: TOPRAK-BİTÜM.BETON LAB.DENEYLERİ | P19: 17.11.2025 | Q19: 54085.61 | R19: =Q19*0.2 -> 10817.122 | S19: =Q19+R19 -> 64902.732 | V19: =Q19*0.00948 -> 512.73158 | W19: =SUM(S19:V19) -> 65415.464 | X19: 17.11.2025 | Y19: F02201 | Z19: ZİRAAT BANKASI
A20: 13 | B20: 2025/126 | C20: 126 | D20: 9 | E20: SÜHAYOL İNŞAAT | I20: SÜHAYOL İNŞAAT | M20: BİTÜM LAB.DENEYLERİ | P20: 17.11.2025 | Q20: 106907.5 | R20: =Q20*0.2 -> 21381.5 | S20: =Q20+R20 -> 128289 | V20: =Q20*0.00948 -> 1013.4831 | W20: =SUM(S20:V20) -> 129302.48 | X20: 17.11.2025 | Y20: 7959151 | Z20: HALKBANK
A21: 14 | B21: 2025/127 | C21: 127 | D21: 9 | E21: ORAK ALTAPI SAN. | I21: ORAK ALTAPI SAN. | M21: BETON LAB.DENEYLERİ | P21: 20.11.2025 | Q21: 36631.18 | R21: =Q21*0.2 -> 7326.236 | S21: =Q21+R21 -> 43957.416 | V21: =Q21*0.00948 -> 347.26359 | W21: =SUM(S21:V21) -> 44304.68 | X21: 19.11.2025 | Y21: 1420100 | Z21: GARANTİ BANKASI
A22: 15 | B22: 2025/128 | C22: 128 | D22: 9 | E22: MİLLİ SAVUNMA BAKANLIĞI (T.C.B İNŞAAT) | I22: MİLLİ SAVUNMA BAKANLIĞI (T.C.B İNŞAAT) | M22: BİTÜM LAB.DENEYLERİ | P22: 21.11.2025 | Q22: 8066.63 | R22: =Q22*0.2 -> 1613.326 | S22: =Q22+R22 -> 9679.956 | V22: =Q22*0.00948 -> 76.471652 | W22: =SUM(S22:V22) -> 9756.4277 | X22: 21.11.2025 | Y22: 1276242015 | Z22: FİNANSBANK
... A24: 17 | B24: 2025/130 | C24: 130 | D24: 9 | E24: ESKİKALE+ARFEM İNŞ. İŞ ORTK. | I24: ESKİKALE+ARFEM İNŞ. İŞ ORTK. | M24: TOPRAK LAB.DENEYLERİ | P24: 21.11.2025 | Q24: 41259.92 | R24: =Q24*0.2 -> 8251.984 | S24: =Q24+R24 -> 49511.904 | V24: =Q24*0.00948 -> 391.14404 | W24: =SUM(S24:V24) -> 49903.048 | X24: 24.11.2025 | Y24: 9101073 | Z24: KUVEYTÜRK
A25: 18
A26: 21
A27: 22
A28: 23
A29: 24
A30: 25
A31: TOPLAM | Q31: =SUM(Q8:Q30) -> 558227.66 | R31: =SUM(R8:R30) -> 111645.53 | S31: =SUM(S8:S30) -> 669873.19 | T31: - | V31: =SUM(V8:V30) -> 5291.9982 | W31: =SUM(W8:W30) -> 675165.19
A32: NOT 1: H, I, İ, G, J Keşif Özetinde Verilen Miktarlar Olup Keşif Özetinden Alınacaktır. | T32: Hazırlayan | W32: Sibel GÜMÜŞ
A33: NOT 2: Toplam Miktar hesaplanırken ( I ) veya ( İ )'den Biri Alınacak. | T33: Adı-Soyadı | W33: Atakan ERSOY
T34: Ünvanı | W34: Başmühendis
T35: İmza

Sheet Aralık
A1: PROTOKOL LİSTESİ
A2: Karayolları 9. Bölge Müdürlüğü 2025 YILI ARALIK AYI AR-GE Dairesi Bşk. Hizmetleri Protokollu İşler Listesi
A5: Sıra No: | B5: Büro Kayıt No: | C5: Protokol No: | D5: Bölge No | E5: NUMUNEYİ GÖNDEREN | I5: PROTOKOL BEDELİNİ YATIRAN FİRMA | M5: YAPILACAK İŞ | P5: Protokol İmzalanma Tarihi | Q5: Deney 1.Keşif Özeti (TL) | R5: KDV ( H * %20 ) (TL) | S5: KDV' li 1.Keşif Özeti (TL) | T5: KDV' li 2.Keşif Tutarı ( TL ) | U5: TÜRKAK Payı ( G* %06 ) | V5: Damga Vergisi | W5: Toplam Miktar ( TL ) | X5: DEKONT Tarihi | Y5: DEKONT NO: | Z5: AÇIKLAMA
Q7: H | R7: I | S7: J | T7: İ | U7: K | W7: H+K+(I)+(İ)
A8: 1 | B8: 2025/131 | C8: 131 | D8: 9 | E8: SÜHAYOL İNŞAAT | I8: SÜHAYOL İNŞAAT | M8: BİTÜM LB.DENEYLERİ | P8: 01.12.2025 | Q8: 55883.47 | R8: =Q8*0.2 -> 11176.694 | S8: =Q8+R8 -> 67060.164 | V8: =Q8*0.00948 -> 529.7753 | W8: =SUM(S8:V8) -> 67589.939 | X8: 45993 | Y8: 5627143 | Z8: HALKBANK
A9: 2 | B9: 2025/132 | C9: 132 | D9: 9 | E9: AGA ENERJİ+EGE İNŞ İŞ ORTK. | I9: AGA ENERJİ+EGE İNŞ İŞ ORTK. | M9: BETON LAB.DENEYLERİ | P9: 24.10.2025 | Q9: 30575.71 | R9: =Q9*0.2 -> 6115.142 | S9: =Q9+R9 -> 36690.852 | V9: =Q9*0.00948 -> 289.85773 | W9: =SUM(S9:V9) -> 36980.71 | X9: 24.10.2025 | Y9: 3876911 | Z9: TEB
A10: 3 | B10: 2025/133 | C10: 133 | D10: 9 | E10: AGA ENERJİ+EGE İNŞ İŞ ORTK. | I10: AGA ENERJİ+EGE İNŞ İŞ ORTK. | M10: BETON LAB.DENEYLERİ | P10: 30.09.2025 | Q10: 12690.57 | R10: =Q10*0.2 -> 2538.114 | S10: =Q10+R10 -> 15228.684 | V10: =Q10*0.00948 -> 120.3066 | W10: =SUM(S10:V10) -> 15348.991 | X10: 45954 | Y10: 3876917 | Z10: TEB
A11: 4 | B11: 2025/134 | C11: 134 | D11: 9 | E11: AGA ENERJİ+EGE İNŞ İŞ ORTK. | I11: AGA ENERJİ+EGE İNŞ İŞ ORTK. | M11: BETON LAB.DENEYLERİ | P11: 04.09.2025 | Q11: 22229.31 | R11: =Q11*0.2 -> 4445.862 | S11: =Q11+R11 -> 26675.172 | V11: =Q11*0.00948 -> 210.73386 | W11: =SUM(S11:V11) -> 26885.906 | X11: 24.10.2025 | Y11: 3876914 | Z11: TEB
A12: 5 | B12: 2025/135 | C12: 135 | D12: 9 | E12: DALMIZRAK İNŞ (SİİRT İL.ÖZEL İDARESİ) | I12: DALMIZRAK İNŞ (SİİRT İL.ÖZEL İDARESİ) | M12: TOPRAK LAB.DENEYLERİ | P12: 03.12.2025 | Q12: 10684.93 | R12: =Q12*0.2 -> 2136.986 | S12: =Q12+R12 -> 12821.916 | V12: =Q12*0.00948 -> 101.29314 | W12: =SUM(S12:V12) -> 12923.209 | X12: 03.12.2025 | Y12: F05185 | Z12: ZİRAAT BANKASI
A13: 6 | B13: 2025/136 | C13: 136 | D13: 9 | E13: YEŞİLYOL İNŞAAT | I13: YEŞİLYOL İNŞAAT | M13: TOPRAK LAB.DENEYLERİ | P13: 04.12.2025 | Q13: 15702.53 | R13: =Q13*0.2 -> 3140.506 | S13: =Q13+R13 -> 18843.036 | V13: =Q13*0.00948 -> 148.85998 | W13: =SUM(S13:V13) -> 18991.896 | X13: 04.12.2025 | Y13: 845376 | Z13: DENİZBANK
A14: 7 | B14: 2025/137 | C14: 137 | D14: 9 | E14: MİLLİ SAVUNMA BAKANLIĞI | I14: MİLLİ SAVUNMA BAKANLIĞI | M14: BİTÜM LB.DENEYLERİ | P14: 04.12.2025 | Q14: 15954.9 | R14: =Q14*0.2 -> 3190.98 | S14: =Q14+R14 -> 19145.88 | V14: =Q14*0.00948 -> 151.25245 | W14: =SUM(S14:V14) -> 19297.132 | X14: 06.12.2025 | Y14: 1153624062 | Z14: HALKBANK
A15: 8 | B15: 2025/138 | C15: 138 | D15: 9 | E15: ELH İNŞ.+MANTAŞ YOL İNŞ. İŞ ORTK. | I15: ELH İNŞ.-MANTAŞ YOL İNŞ. | M15: BETON LAB.DENEYLERİ | P15: 16.12.2025 | Q15: 18318.62 | R15: =Q15*0.2 -> 3663.724 | S15: =Q15+R15 -> 21982.344 | V15: =Q15*0.00948 -> 173.66052 | W15: =SUM(S15:V15) -> 22156.005 | X15: 16.12.2025 | Y15: 1171753446 | Z15: HALKBANK
A16: 9 | B16: 2025/139 | C16: 139 | D16: 9 | E16: MEHMET DURMAZ ARYA MÜH. | I16: MEHMET DURMAZ ARYA MÜH. | M16: TOPRAK-BETON LAB.DENEYLERİ | P16: 17.12.2025 | Q16: 96087.29 | R16: =Q16*0.2 -> 19217.458 | S16: =Q16+R16 -> 115304.75 | V16: =Q16*0.00948 -> 910.90751 | W16: =SUM(S16:V16) -> 116215.66 | X16: 18.12.2025 | Y16: 7316480 | Z16: HALKBANK
A17: 10 | B17: 2025/140 | C17: 140 | D17: 9 | E17: GÖNÜÇ İNŞ+AYDİÇ MAD. | I17: GÖNÜÇ İNŞ+AYDİÇ MAD. | M17: PROFİLOMETRE | P17: 23.11.2025 | Q17: 11315.08 | R17: =Q17*0.2 -> 2263.016 | S17: =Q17+R17 -> 13578.096 | V17: =Q17*0.00948 -> 107.26696 | W17: =SUM(S17:V17) -> 13685.363 | X17: 04.12.2025 | Y17: 0048488230 | Z17: AKBANK
A18: 11 | B18: 2025/141 | C18: 141 | D18: 9 | E18: BARAN YAPI İNŞ. | I18: BARAN YAPI İNŞ. | M18: PROFİLOMETRE | P18: 24.12.2025 | Q18: 13855.2 | R18: =Q18*0.2 -> 2771.04 | S18: =Q18+R18 -> 16626.24 | V18: =Q18*0.00948 -> 131.3473 | W18: =SUM(S18:V18) -> 16757.587 | X18: 23.12.2025 | Y18: 9272335 | Z18: KUVEYTÜRK
A19: 12 | B19: 2025/142 | C19: 142 | D19: 9 | E19: ESKİKALE+ARFEM İŞ ORTK. | I19: ESKİKALE+ARFEM İŞ ORTK. | M19: PROFİLOMETRE | P19: 24.12.2025 | Q19: 87518.68 | R19: =Q19*0.2 -> 17503.736 | S19: =Q19+R19 -> 105022.42 | V19: =Q19*0.00948 -> 829.67709 | W19: =SUM(S19:V19) -> 105852.09 | X19: 23.12.2025 | Y19: 9263902 | Z19: KUVEYTÜRK
A20: 13 | B20: 2025/143 | C20: 143 | D20: 9 | E20: SOLMAZ YAPI İNŞAAT (BATMAN ORG.SANAYİ) | I20: SOLMAZ YAPI İNŞAAT (BATMAN ORG.SANAYİ) | M20: TOPRAK LAB.DENEYLERİ | P20: 22.12.2025 | Q20: 15072.22 | R20: =Q20*0.2 -> 3014.444 | S20: =Q20+R20 -> 18086.664 | V20: =Q20*0.00948 -> 142.88465 | W20: =SUM(S20:V20) -> 18229.549 | X20: 22.12.2025 | Y20: 9168095 | Z20: KUVEYTÜRK
A21: 14 | B21: 2025/144 | C21: 144 | D21: 9 | E21: ELH İNŞ+FENİX PET. İŞ ORT. | I21: ELH İNŞ+FENİX PET. İŞ ORT. | M21: BETON LAB.DENEYLERİ | P21: 15.12.2025 | Q21: 40705.11 | R21: =Q21*0.2 -> 8141.022 | S21: =Q21+R21 -> 48846.132 | V21: =Q21*0.00948 -> 385.88444 | W21: =SUM(S21:V21) -> 49232.016 | X21: 24.12.2025 | Y21: 7791318 | Z21: HALKBANK
A22: 15 | B22: 2025/145 | C22: 145 | D22: 9 | E22: METROKENT İNŞAAT | I22: METROKENT İNŞAAT | M22: BETON LAB.DENEYLERİ | P22: 23.12.2025 | Q22: 12832.2 | R22: =Q22*0.2 -> 2566.44 | S22: =Q22+R22 -> 15398.64 | V22: =Q22*0.00948 -> 121.64926 | W22: =SUM(S22:V22) -> 15520.289 | X22: 23.12.2025 | Y22: 2309608834 | Z22: VAKIFBANK
... A28: 21 | B28: 2025/151 | C28: 151 | D28: 9 | E28: ŞEREFOĞLU İNŞ. | I28: ŞEREFOĞLU İNŞ. | M28: TOPRAK LAB.DENEYLERİ | P28: 22.10.2025 | Q28: 30274.59 | R28: =Q28*0.2 -> 6054.918 | S28: =Q28+R28 -> 36329.508 | V28: =Q28*0.00948 -> 287.00311 | W28: =SUM(S28:V28) -> 36616.511 | X28: 22.10.2025 | Y28: 2180083 | Z28: GARANTİBANK
A29: TOPLAM | Q29: =SUM(Q8:Q28) -> 742922.2 | R29: =SUM(R8:R28) -> 148584.44 | S29: =SUM(S8:S28) -> 891506.64 | T29: - | V29: =SUM(V8:V28) -> 7042.9025 | W29: =SUM(W8:W28) -> 898549.54
A30: NOT 1: H, I, İ, G, J Keşif Özetinde Verilen Miktarlar Olup Keşif Özetinden Alınacaktır. | T30: Hazırlayan | W30: Sibel GÜMÜŞ
A31: NOT 2: Toplam Miktar hesaplanırken ( I ) veya ( İ )'den Biri Alınacak. | T31: Adı-Soyadı | W31: ATAKAN ERSOY
T32: Ünvanı | W32: Başmühendis
T33: İmza

Sheet Sayfa1
A1: 01.01-31.12.2021 TARİHLERİ ARASINDA KARAYOLLARI 9. BÖLGE MÜDÜRLÜĞÜ ARAŞTIRMA VE GELİŞTİRME BAŞMÜHENDİSLİĞİ LAB.YAPILAN DENEY PROTOKOL LİSTESİ
A2: AY | B2: PROTOKOL SAYISI | C2: PARA MİKTARI (TL) | D2: NOT
A3: OCAK | B3: 11 | C3: =Ocak!W34 -> 0
A4: ŞUBAT | B4: 16 | C4: =Şubat!Q40 -> 0
A5: MART | B5: 7 | C5: =Mart!W33 -> 0
A6: NİSAN | B6: 4 | C6: =Nisan!W14 -> 0
A7: MAYIS | B7: 8 | C7: =Mayıs!W33 -> 0
A8: HAZİRAN | B8: 9 | C8: =Haziran!W33 -> 0
A9: TEMMUZ | B9: 21 | C9: =Temmuz!W32 -> 0
A10: AĞUSTOS | B10: 7 | C10: =Ağustos!W33 -> 370634.04
A11: EYLÜL | B11: 12 | C11: =Eylül!W25 -> 319053.01
A12: EKİM | B12: 17 | C12: =Ekim!W26 -> 534865.79
A13: KASIM | B13: 17 | C13: =KASIM!W31 -> 675165.19
A14: ARALIK | B14: 21 | C14: =Aralık!W29 -> 898549.54
A15: TOPLAM | B15: 149 | C15: =SUM(C3:C14) -> 2798267.6

Sheet Sayfa2
A1: Karayolları 9. Bölge Müdürlüğü (Araştırma ve Geliştirme Başmühendisliği) 01 Ocak 2025-31 Aralık 2025 Yılı Deney Ücretleri
A2: Ay | B2: Protokol Adedi | C2: Protokollü Hizmet Bedeli | D2: KDV | E2: Damga Vergisi | F2: Türkak Payı | G2: Genel Toplam
A3: Ocak | B3: 11 | C3: 233338.17 | D3: 46667.63 | E3: =Ocak!V34 -> 0 | G3: =Ocak!W34 -> 0
A4: Şubat | B4: 16 | C4: =Şubat!Q40 -> 0 | D4: =Şubat!R40 -> 0 | E4: =Şubat!V40 -> 0 | G4: =Şubat!W40 -> 0
A5: Mart | B5: 7 | C5: =Mart!Q33 -> 0 | D5: =Mart!S33 -> 0 | E5: =Mart!V33 -> 0 | G5: =Mart!W33 -> 0
A6: Nisan | B6: 4 | C6: =Nisan!Q14 -> 0 | D6: =Nisan!S14 -> 0 | E6: =Nisan!V14 -> 0 | G6: =Nisan!W14 -> 0
A7: Mayıs | B7: 8 | C7: =Mayıs!Q33 -> 0 | D7: =Mayıs!S33 -> 0 | E7: =Mayıs!V33 -> 0 | G7: =Mayıs!W33 -> 0
A8: Haziran | B8: 9 | C8: =Haziran!Q33 -> 0 | D8: =Haziran!S33 -> 0 | E8: =Haziran!V33 -> 0 | G8: =Haziran!W33 -> 0
A9: Temmuz | B9: 21 | C9: =Temmuz!Q32 -> 0 | D9: =Temmuz!S32 -> 0 | E9: =Temmuz!V32 -> 0 | G9: =Temmuz!W32 -> 0
A10: Ağustos | B10: 7 | C10: =Ağustos!Q33 -> 306440.82 | D10: =Ağustos!S33 -> 367728.98 | E10: =Ağustos!V33 -> 2905.059 | G10: =Ağustos!W33 -> 370634.04
A11: Eylül | B11: 12 | C11: =Eylül!Q25 -> 263793.54 | D11: =Eylül!S25 -> 316552.25 | E11: =Eylül!V25 -> 2500.7628 | G11: =Eylül!W25 -> 319053.01
A12: Ekim | B12: 17 | C12: =Ekim!Q26 -> 442227.89 | D12: =Ekim!S26 -> 530673.47 | E12: =Ekim!V26 -> 4192.3204 | G12: =Ekim!W26 -> 534865.79
A13: Kasım | B13: 17 | C13: =KASIM!Q31 -> 558227.66 | D13: =KASIM!S31 -> 669873.19 | E13: =KASIM!V31 -> 5291.9982 | G13: =KASIM!W31 -> 675165.19
A14: Aralık | B14: 21 | C14: =Aralık!Q29 -> 742922.2 | D14: =Aralık!S29 -> 891506.64 | E14: =Aralık!V29 -> 7042.9025 | G14: =Aralık!W29 -> 898549.54
A15: Toplamlar | B15: =SUM(B3:B14) -> 150 | C15: =SUM(C3:C14) -> 2546950.3 | D15: =SUM(D3:D14) -> 2823002.2 | E15: =SUM(E3:E14) -> 21933.043 | F15: =SUM(F3:F14) -> 0 | G15: =SUM(G3:G14) -> 2798267.6
A17: Hazırlayan | C17: Kontrol Eden | F17: Onaylayan
A18: Sibel GÜMÜŞ | C18: Jiyan KARAKAŞ | F18: Atakan ERSOY
A19: Büro ve Kayıt Memuru | C19: Üstyapı Gel.Müh. | F19: Ar-Ge Başmühendisi
